{"cameraMode":{"drawMode":0,"name":"Shaded","section":"Shading Mode"},"sceneLighting":true,"audioPlay":false,"sceneViewState":{"m_AlwaysRefresh":false,"showFog":true,"showSkybox":true,"showFlares":true,"showImageEffects":true,"showParticleSystems":true,"showVisualEffectGraphs":true,"m_FxEnabled":true},"in2DMode":false,"pivot":{"x":692.2440795898438,"y":531.5272827148438,"z":-4.323486328125},"rotation":{"x":0.002690262161195278,"y":0.005097199231386185,"z":0.000013654559552378487,"w":-0.9999860525131226},"size":380.9968566894531,"orthographic":false}